{"cameraMode":{"drawMode":0,"name":"Shaded","section":"Shading Mode"},"sceneLighting":false,"audioPlay":false,"sceneViewState":{"showFog":true,"showMaterialUpdate":false,"showSkybox":true,"showFlares":true,"showImageEffects":true,"showParticleSystems":true},"in2DMode":false,"pivot":{"x":55.6686897277832,"y":1.9181071519851685,"z":-119.07945251464844},"rotation":{"x":-0.3181077539920807,"y":-0.26472008228302,"z":0.09300344437360764,"w":-0.9055832624435425},"size":18.911197662353517,"orthographic":false}